filename,width,height,class,xmin,ymin,xmax,ymax
Cars0.png,500,268,licence,226,125,419,173
Cars1.png,400,248,licence,134,128,262,160
Cars10.png,400,225,licence,140,5,303,148
Cars100.png,400,267,licence,175,114,214,131
Cars101.png,400,300,licence,167,202,240,220
Cars102.png,350,263,licence,66,147,322,199
Cars103.png,400,196,licence,230,129,248,134
Cars103.png,400,196,licence,189,116,202,121
Cars104.png,500,374,licence,195,266,244,282
Cars105.png,400,240,licence,152,147,206,159
Cars106.png,400,247,licence,138,79,177,92
Cars106.png,400,247,licence,245,79,270,94
Cars106.png,400,247,licence,169,202,192,231
Cars106.png,400,247,licence,225,194,279,217
Cars107.png,471,270,licence,141,113,311,164
Cars108.png,442,333,licence,158,216,277,248
Cars109.png,400,267,licence,115,116,278,153
Cars11.png,400,305,licence,131,206,273,234
Cars110.png,400,267,licence,286,133,328,159
Cars111.png,600,338,licence,319,165,478,204
Cars112.png,240,400,licence,49,135,164,191
Cars113.png,400,300,licence,151,113,306,180
Cars114.png,500,300,licence,7,16,493,256
Cars115.png,507,388,licence,315,287,407,311
Cars116.png,400,332,licence,149,218,267,247
Cars117.png,400,185,licence,42,126,86,137
Cars118.png,600,375,licence,193,165,394,217
Cars119.png,400,247,licence,187,140,217,153
Cars12.png,400,141,licence,122,82,277,117
Cars120.png,400,265,licence,159,178,250,200
Cars121.png,400,300,licence,336,192,357,204
Cars122.png,400,300,licence,195,147,254,169
Cars123.png,400,300,licence,159,221,237,242
Cars124.png,400,267,licence,305,256,320,267
Cars125.png,400,260,licence,280,196,355,257
Cars126.png,400,300,licence,103,99,293,201
Cars127.png,400,267,licence,360,166,383,181
Cars128.png,400,225,licence,112,65,306,173
Cars129.png,530,398,licence,204,213,282,267
Cars13.png,400,268,licence,191,147,242,169
Cars130.png,400,267,licence,91,110,166,140
Cars131.png,500,300,licence,19,29,497,245
Cars132.png,400,225,licence,23,190,56,198
Cars132.png,400,225,licence,378,188,400,200
Cars133.png,600,411,licence,247,185,375,223
Cars134.png,400,267,licence,76,151,133,174
Cars135.png,400,225,licence,260,184,319,211
Cars136.png,400,267,licence,164,104,245,119
Cars137.png,400,267,licence,178,181,204,191
Cars138.png,400,301,licence,153,141,254,185
Cars139.png,400,300,licence,315,189,337,197
Cars139.png,400,300,licence,193,224,231,233
Cars14.png,400,225,licence,94,118,274,163
Cars140.png,435,290,licence,283,239,424,286
Cars141.png,400,267,licence,266,169,307,188
Cars142.png,400,198,licence,178,124,273,144
Cars143.png,400,267,licence,93,196,130,207
Cars143.png,400,267,licence,316,195,349,205
Cars144.png,320,260,licence,101,114,215,154
Cars145.png,435,290,licence,282,236,422,283
Cars146.png,400,300,licence,143,263,170,271
Cars146.png,400,300,licence,254,238,280,247
Cars146.png,400,300,licence,54,189,78,196
Cars146.png,400,300,licence,111,194,129,204
Cars147.png,500,268,licence,226,125,420,169
Cars148.png,400,225,licence,135,134,218,158
Cars149.png,400,281,licence,212,182,245,203
Cars15.png,400,267,licence,310,146,372,171
Cars150.png,400,300,licence,122,198,262,232
Cars151.png,400,242,licence,54,135,120,178
Cars152.png,467,300,licence,92,258,199,284
Cars153.png,471,270,licence,146,118,311,170
Cars154.png,375,500,licence,70,197,264,265
Cars155.png,400,267,licence,150,177,203,190
Cars156.png,400,200,licence,114,78,230,102
Cars157.png,400,267,licence,330,152,366,179
Cars158.png,400,300,licence,97,118,296,210
Cars159.png,400,332,licence,149,184,261,211
Cars16.png,400,221,licence,36,175,62,186
Cars160.png,500,300,licence,209,137,281,174
Cars161.png,507,388,licence,312,283,406,311
Cars162.png,560,315,licence,201,168,268,213
Cars163.png,590,350,licence,220,173,360,200
Cars164.png,400,268,licence,160,144,239,183
Cars165.png,590,343,licence,209,217,293,254
Cars166.png,300,400,licence,148,123,201,150
Cars167.png,500,400,licence,176,254,327,285
Cars168.png,400,225,licence,82,95,137,125
Cars169.png,400,200,licence,114,79,229,101
Cars17.png,400,267,licence,306,188,351,205
Cars170.png,500,365,licence,318,190,346,224
Cars171.png,400,268,licence,192,146,242,167
Cars172.png,457,422,licence,173,209,301,239
Cars173.png,400,226,licence,170,118,252,163
Cars174.png,400,225,licence,283,159,306,168
Cars174.png,400,225,licence,103,150,122,158
Cars175.png,600,450,licence,295,237,456,367
Cars176.png,400,250,licence,72,67,308,185
Cars177.png,400,238,licence,149,166,272,193
Cars178.png,300,223,licence,126,180,173,205
Cars179.png,400,267,licence,72,160,132,197
Cars18.png,507,388,licence,313,286,405,311
Cars180.png,400,300,licence,151,115,304,187
Cars181.png,225,400,licence,69,195,128,209
Cars182.png,400,225,licence,168,139,247,159
Cars183.png,590,350,licence,97,138,234,170
Cars184.png,400,225,licence,163,146,212,159
Cars185.png,400,267,licence,154,147,293,194
Cars186.png,400,230,licence,175,152,242,175
Cars187.png,400,225,licence,96,116,287,155
Cars188.png,300,400,licence,32,184,43,193
Cars189.png,435,290,licence,285,241,423,286
Cars19.png,400,240,licence,148,195,221,232
Cars190.png,400,300,licence,149,210,245,235
Cars191.png,400,246,licence,96,189,199,217
Cars192.png,323,227,licence,108,150,211,173
Cars193.png,400,267,licence,306,193,344,214
Cars194.png,400,266,licence,267,170,316,183
Cars195.png,585,331,licence,450,223,526,244
Cars196.png,400,259,licence,105,128,130,140
Cars197.png,590,350,licence,222,176,359,201
Cars198.png,442,333,licence,166,225,273,246
Cars199.png,400,266,licence,59,88,310,158
Cars2.png,400,400,licence,229,176,270,193
Cars20.png,400,244,licence,18,135,48,152
Cars200.png,400,246,licence,95,189,195,217
Cars201.png,590,350,licence,216,171,367,208
Cars202.png,300,225,licence,197,135,249,159
Cars203.png,400,267,licence,116,112,271,165
Cars204.png,500,375,licence,193,145,279,187
Cars205.png,399,400,licence,156,162,221,199
Cars206.png,400,300,licence,95,185,164,206
Cars207.png,400,478,licence,254,229,372,264
Cars208.png,400,268,licence,142,123,232,169
Cars209.png,400,300,licence,359,172,387,186
Cars21.png,400,301,licence,191,165,255,192
Cars210.png,400,266,licence,54,90,315,159
Cars211.png,400,295,licence,28,64,387,235
Cars212.png,400,300,licence,105,94,290,141
Cars213.png,400,300,licence,150,160,233,194
Cars214.png,400,243,licence,188,121,214,134
Cars215.png,400,225,licence,92,105,162,123
Cars216.png,530,398,licence,205,214,280,262
Cars217.png,400,240,licence,149,196,223,231
Cars218.png,400,253,licence,0,166,27,188
Cars219.png,600,450,licence,127,172,462,236
Cars22.png,400,299,licence,207,104,260,116
Cars220.png,400,265,licence,142,168,188,182
Cars221.png,400,225,licence,102,122,125,135
Cars222.png,400,230,licence,178,158,235,170
Cars223.png,600,400,licence,347,231,407,249
Cars224.png,480,360,licence,181,250,243,275
Cars225.png,600,375,licence,189,161,384,215
Cars226.png,400,267,licence,249,194,318,213
Cars227.png,400,267,licence,118,199,153,211
Cars228.png,400,197,licence,86,127,113,143
Cars229.png,400,225,licence,253,163,284,177
Cars23.png,400,299,licence,143,172,213,211
Cars230.png,590,350,licence,222,173,361,202
Cars231.png,400,267,licence,64,160,133,180
Cars232.png,400,300,licence,175,174,228,201
Cars233.png,400,151,licence,189,55,259,78
Cars234.png,400,233,licence,160,149,246,171
Cars235.png,400,225,licence,152,145,247,167
Cars236.png,400,176,licence,223,106,250,119
Cars237.png,236,314,licence,118,148,154,169
Cars238.png,600,400,licence,276,186,396,273
Cars239.png,500,400,licence,176,254,326,284
Cars24.png,400,300,licence,167,202,240,221
Cars240.png,400,225,licence,171,116,232,132
Cars241.png,400,267,licence,126,142,241,199
Cars242.png,400,400,licence,224,170,277,199
Cars243.png,600,450,licence,129,174,465,235
Cars244.png,400,300,licence,20,87,360,155
Cars245.png,400,267,licence,91,110,164,138
Cars246.png,400,267,licence,49,163,112,193
Cars247.png,400,225,licence,147,11,300,149
Cars248.png,400,300,licence,184,143,311,191
Cars249.png,400,247,licence,118,91,149,99
Cars249.png,400,247,licence,238,60,269,79
Cars249.png,400,247,licence,133,195,161,203
Cars249.png,400,247,licence,300,208,354,226
Cars25.png,400,225,licence,177,139,216,159
Cars250.png,400,248,licence,132,123,261,160
Cars251.png,400,225,licence,136,134,210,153
Cars252.png,500,380,licence,174,237,314,274
Cars253.png,400,210,licence,25,124,64,137
Cars254.png,400,367,licence,166,175,235,207
Cars255.png,400,267,licence,116,156,273,188
Cars256.png,400,245,licence,286,175,400,212
Cars257.png,400,300,licence,167,132,241,166
Cars258.png,400,266,licence,158,184,230,232
Cars259.png,600,338,licence,324,166,475,205
Cars26.png,400,225,licence,258,184,321,213
Cars260.png,400,240,licence,170,112,232,129
Cars261.png,480,360,licence,1,74,464,154
Cars262.png,400,301,licence,243,184,285,205
Cars263.png,400,292,licence,129,260,232,290
Cars264.png,400,400,licence,222,300,295,337
Cars265.png,400,218,licence,87,166,216,212
Cars266.png,400,225,licence,11,57,88,76
Cars266.png,400,225,licence,15,84,84,102
Cars266.png,400,225,licence,23,110,75,122
Cars266.png,400,225,licence,24,150,74,175
Cars266.png,400,225,licence,95,105,158,122
Cars266.png,400,225,licence,154,45,393,176
Cars267.png,415,220,licence,274,118,343,138
Cars268.png,300,225,licence,213,133,271,168
Cars269.png,400,300,licence,110,199,147,217
Cars27.png,400,225,licence,148,127,245,159
Cars270.png,400,225,licence,75,173,125,195
Cars271.png,400,266,licence,262,141,318,160
Cars272.png,558,229,licence,170,81,316,121
Cars273.png,590,350,licence,74,132,264,173
Cars274.png,400,300,licence,196,149,253,169
Cars275.png,400,215,licence,99,150,162,167
Cars276.png,400,267,licence,115,116,276,156
Cars277.png,400,291,licence,48,218,72,225
Cars277.png,400,291,licence,134,217,153,224
Cars277.png,400,291,licence,290,220,308,229
Cars277.png,400,291,licence,373,212,388,217
Cars278.png,400,201,licence,278,138,315,163
Cars279.png,400,300,licence,42,131,202,243
Cars28.png,600,425,licence,541,366,598,384
Cars280.png,400,267,licence,191,185,213,195
Cars281.png,400,247,licence,151,169,243,183
Cars282.png,350,263,licence,37,145,319,203
Cars283.png,400,205,licence,51,189,79,201
Cars283.png,400,205,licence,137,171,157,178
Cars284.png,375,500,licence,70,199,260,271
Cars285.png,400,267,licence,91,111,163,134
Cars286.png,500,375,licence,201,191,288,230
Cars287.png,400,332,licence,148,180,262,213
Cars288.png,400,215,licence,97,148,164,169
Cars289.png,400,307,licence,163,140,271,173
Cars29.png,400,299,licence,143,171,211,208
Cars290.png,400,267,licence,224,84,271,118
Cars291.png,517,303,licence,71,205,215,246
Cars292.png,400,267,licence,91,187,137,208
Cars293.png,400,267,licence,64,160,130,181
Cars294.png,400,267,licence,142,117,218,135
Cars295.png,400,256,licence,52,170,73,182
Cars295.png,400,256,licence,237,143,271,162
Cars296.png,400,318,licence,163,158,234,196
Cars297.png,400,233,licence,158,149,247,170
Cars298.png,400,268,licence,166,148,233,184
Cars299.png,400,300,licence,101,136,270,176
Cars3.png,400,225,licence,142,128,261,157
Cars30.png,400,240,licence,155,169,200,182
Cars300.png,400,225,licence,259,185,317,215
Cars301.png,500,232,licence,205,107,303,135
Cars302.png,500,234,licence,222,98,425,149
Cars303.png,400,300,licence,150,211,247,237
Cars304.png,400,226,licence,143,114,222,156
Cars305.png,450,270,licence,361,167,434,183
Cars306.png,400,400,licence,139,282,249,310
Cars307.png,600,417,licence,172,163,437,220
Cars308.png,400,300,licence,159,221,237,241
Cars309.png,400,225,licence,152,122,252,207
Cars31.png,400,245,licence,286,173,400,211
Cars310.png,600,531,licence,241,369,348,417
Cars311.png,400,267,licence,295,166,355,185
Cars311.png,400,267,licence,67,91,95,98
Cars312.png,590,350,licence,111,66,518,246
Cars313.png,400,319,licence,176,211,252,246
Cars314.png,400,209,licence,195,149,274,209
Cars315.png,400,300,licence,12,98,385,181
Cars316.png,600,450,licence,377,405,476,439
Cars316.png,600,450,licence,379,192,455,220
Cars317.png,400,300,licence,164,202,240,220
Cars318.png,400,225,licence,119,117,263,160
Cars319.png,400,342,licence,167,228,232,259
Cars32.png,400,300,licence,200,149,251,167
Cars320.png,375,500,licence,99,225,257,266
Cars321.png,301,400,licence,134,235,169,246
Cars322.png,400,354,licence,274,257,350,297
Cars323.png,400,225,licence,123,28,279,65
Cars324.png,400,225,licence,151,138,255,159
Cars325.png,400,226,licence,230,180,262,196
Cars326.png,400,300,licence,141,198,252,230
Cars327.png,400,248,licence,138,126,262,155
Cars328.png,400,233,licence,156,149,248,170
Cars329.png,400,255,licence,166,142,224,176
Cars33.png,400,225,licence,94,56,306,169
Cars330.png,400,300,licence,29,192,57,203
Cars330.png,400,300,licence,168,202,198,214
Cars330.png,400,300,licence,313,180,333,191
Cars330.png,400,300,licence,385,172,399,181
Cars331.png,560,420,licence,164,220,235,240
Cars332.png,400,225,licence,143,126,260,159
Cars333.png,400,267,licence,117,157,270,191
Cars334.png,400,204,licence,155,146,211,162
Cars335.png,399,400,licence,156,163,221,198
Cars336.png,400,300,licence,122,195,265,234
Cars337.png,400,300,licence,119,131,136,154
Cars338.png,400,267,licence,297,193,316,205
Cars339.png,500,300,licence,209,135,283,169
Cars34.png,400,332,licence,147,181,260,206
Cars340.png,400,200,licence,270,126,321,143
Cars341.png,400,267,licence,47,161,115,192
Cars342.png,400,300,licence,196,148,253,169
Cars343.png,400,300,licence,110,186,162,209
Cars344.png,450,299,licence,240,158,379,217
Cars345.png,400,299,licence,173,143,247,182
Cars346.png,400,246,licence,91,185,197,217
Cars347.png,400,210,licence,227,124,252,135
Cars348.png,400,225,licence,156,121,250,204
Cars349.png,400,267,licence,38,225,146,249
Cars35.png,400,267,licence,91,186,137,208
Cars350.png,400,268,licence,162,179,211,188
Cars351.png,400,225,licence,249,48,368,129
Cars352.png,300,400,licence,201,185,217,195
Cars352.png,300,400,licence,77,181,94,191
Cars353.png,400,246,licence,93,189,201,221
Cars354.png,400,267,licence,65,202,102,222
Cars355.png,400,266,licence,164,154,239,190
Cars356.png,550,367,licence,241,216,364,275
Cars357.png,400,267,licence,92,187,137,207
Cars358.png,400,200,licence,44,94,107,107
Cars358.png,400,200,licence,296,122,358,135
Cars359.png,400,284,licence,228,228,266,240
Cars36.png,500,375,licence,203,193,285,229
Cars360.png,400,225,licence,52,167,94,200
Cars361.png,400,300,licence,148,113,305,178
Cars362.png,400,300,licence,139,172,162,179
Cars363.png,400,265,licence,153,169,254,204
Cars364.png,400,242,licence,61,140,115,167
Cars365.png,600,399,licence,293,205,373,226
Cars366.png,471,270,licence,144,112,316,160
Cars367.png,450,299,licence,224,161,382,222
Cars368.png,400,300,licence,173,173,223,203
Cars369.png,500,400,licence,176,253,325,280
Cars37.png,400,268,licence,146,114,246,163
Cars370.png,435,290,licence,285,249,425,276
Cars371.png,400,190,licence,313,135,371,150
Cars372.png,560,420,licence,221,275,353,309
Cars373.png,400,225,licence,161,132,264,157
Cars374.png,508,262,licence,354,118,441,142
Cars375.png,400,300,licence,144,114,300,145
Cars376.png,400,265,licence,159,178,252,203
Cars377.png,400,225,licence,177,138,216,161
Cars378.png,400,307,licence,118,92,254,137
Cars379.png,400,353,licence,197,197,351,245
Cars38.png,386,400,licence,168,196,240,231
Cars380.png,400,225,licence,316,91,364,126
Cars381.png,400,225,licence,65,131,147,155
Cars382.png,400,300,licence,149,206,285,240
Cars383.png,400,267,licence,54,216,88,228
Cars384.png,400,300,licence,219,194,271,230
Cars385.png,400,250,licence,69,75,310,191
Cars386.png,600,450,licence,83,307,221,368
Cars387.png,430,286,licence,163,187,256,225
Cars388.png,400,300,licence,149,130,255,158
Cars389.png,600,450,licence,77,305,222,370
Cars39.png,400,300,licence,225,180,328,213
Cars390.png,400,300,licence,360,118,397,136
Cars390.png,400,300,licence,6,144,49,162
Cars4.png,590,350,licence,156,82,503,253
Cars40.png,400,225,licence,261,186,317,211
Cars41.png,301,400,licence,109,182,159,206
Cars42.png,400,225,licence,177,140,217,159
Cars43.png,471,270,licence,142,111,319,161
Cars44.png,443,332,licence,18,153,430,271
Cars45.png,400,251,licence,204,103,280,175
Cars46.png,400,353,licence,189,193,352,248
Cars47.png,400,300,licence,6,143,48,161
Cars48.png,400,225,licence,95,117,286,155
Cars49.png,400,253,licence,268,171,314,190
Cars5.png,400,295,licence,226,218,242,240
Cars50.png,590,350,licence,116,55,525,262
Cars51.png,400,266,licence,264,141,318,162
Cars52.png,400,300,licence,226,181,327,210
Cars53.png,400,288,licence,146,187,260,213
Cars54.png,400,300,licence,148,61,257,118
Cars55.png,400,299,licence,143,171,210,208
Cars56.png,400,192,licence,87,82,339,146
Cars57.png,431,242,licence,270,162,321,195
Cars58.png,400,247,licence,154,166,241,187
Cars59.png,400,300,licence,324,162,375,175
Cars6.png,500,375,licence,112,114,373,239
Cars60.png,400,300,licence,45,98,364,159
Cars61.png,400,300,licence,71,124,198,231
Cars62.png,400,300,licence,156,110,243,159
Cars63.png,400,266,licence,54,201,91,226
Cars64.png,400,267,licence,120,187,325,220
Cars65.png,520,424,licence,207,200,300,260
Cars66.png,400,299,licence,144,170,211,202
Cars67.png,553,275,licence,189,223,328,248
Cars68.png,400,268,licence,189,142,245,171
Cars69.png,400,267,licence,77,150,124,175
Cars7.png,400,279,licence,166,141,206,154
Cars70.png,400,226,licence,179,115,213,133
Cars71.png,400,225,licence,254,144,284,152
Cars71.png,400,225,licence,86,150,125,161
Cars72.png,400,332,licence,156,182,255,208
Cars73.png,400,225,licence,119,22,283,69
Cars74.png,400,267,licence,115,115,277,153
Cars75.png,400,248,licence,209,196,218,201
Cars76.png,480,360,licence,6,114,470,233
Cars77.png,400,270,licence,229,151,309,178
Cars78.png,400,300,licence,149,210,249,239
Cars79.png,600,531,licence,238,363,350,422
Cars8.png,500,232,licence,204,104,304,134
Cars80.png,400,295,licence,94,148,279,186
Cars81.png,400,300,licence,297,100,327,125
Cars82.png,400,151,licence,190,59,257,77
Cars83.png,600,450,licence,251,295,326,341
Cars84.png,400,300,licence,167,201,238,220
Cars85.png,400,267,licence,86,218,146,235
Cars85.png,400,267,licence,313,129,358,141
Cars86.png,586,331,licence,332,176,447,204
Cars87.png,400,290,licence,3,205,45,220
Cars87.png,400,290,licence,345,168,365,177
Cars88.png,400,300,licence,168,148,242,171
Cars89.png,400,262,licence,307,206,345,221
Cars89.png,400,262,licence,227,222,253,230
Cars9.png,442,333,licence,164,224,272,247
Cars90.png,400,300,licence,77,204,101,225
Cars91.png,400,253,licence,269,170,317,189
Cars92.png,600,400,licence,281,185,393,271
Cars93.png,400,251,licence,347,122,367,132
Cars94.png,400,319,licence,176,210,251,248
Cars95.png,600,400,licence,278,182,407,263
Cars96.png,400,248,licence,133,126,261,160
Cars97.png,400,300,licence,98,102,297,191
Cars98.png,370,400,licence,85,196,247,259
Cars99.png,375,500,licence,70,198,262,271
